WKT,friction,
"POLYGON ((-18.629929221435795 59.145601617795762,446.385237613751258 76.132457027300319,462.310414560161746 -36.405460060667338,-12.259858442871588 -38.528816986855361,-18.629929221435795 59.145601617795762))",0.030
"POLYGON ((446.385237613751258 76.132457027300319,716.051567239636029 92.057633973710836,729.853387259858437 -64.00910010111221,545.121334681496478 -75.687563195146595,462.310414560161746 -36.405460060667338,446.385237613751258 76.132457027300319))",0.035
"POLYGON ((716.051567239636029 92.057633973710836,1014.383215369059599 100.551061678463128,1013.321536905965559 -56.577350859453986,729.853387259858437 -64.00910010111221,716.051567239636029 92.057633973710836))",0.040
