WKT,id,
"POLYGON ((16880.314447592067154 22038.453257790370117,18249.515580736540869 25519.473087818696513,21869.776203966004687 25565.886685552410199,24979.487252124643419 23871.790368271955231,26232.654390934843832 21899.212464589236333,26000.586402266286314 19787.393767705383652,23842.354107648723584 18023.677053824361792,20871.883852691214997 16677.682719546741282,17855.0 16840.130311614731909,15952.042492917844356 19578.532577903682977,16880.314447592067154 22038.453257790370117))",1
