WKT,
"LINESTRING (482830.945528893 4736415.33906402,482791.5173 4736414.4648,482778.9289 4736406.702,482748.4837 4736402.5525,482711.3596 4736401.2587,482684.7025 4736405.21,482651.623 4736417.542,482627.5069 4736426.6336,482616.2007 4736437.0307,482593.378399999 4736444.3389,482564.599899999 4736440.271,482533.1989 4736422.8338,482506.3437 4736397.1907,482485.363 4736365.9296,482476.6444 4736335.7641,482474.0335 4736309.7947,482476.0383 4736281.9604,482481.5399 4736253.3567,482492.2167 4736229.8118,482502.1942 4736210.1366,482500.189299999 4736194.9373,482512.544599998 4736182.4888,482517.486699999 4736166.94237069)"
