WKT,
"LINESTRING (482830.29128265 4736425.3981,482805.248 4736424.3257,482775.1408 4736419.4769,482752.5632 4736415.0243,482723.9713 4736411.003,482690.542100001 4736416.6678,482652.299 4736429.6059,482617.3196 4736444.8401,482589.5552 4736455.8666,482560.0961 4736450.6732,482538.3995 4736440.862,482513.0026 4736428.8364,482497.5571 4736409.186,482479.700800001 4736385.9757,482469.4692 4736370.362,482458.733 4736345.8341,482460.7513 4736323.6889,482462.6574 4736299.1331,482466.666 4736262.7477,482474.5149 4736243.5179,482482.6722 4736220.0272,482485.9799 4736197.3214,482495.062199999 4736179.6333,482502.504971539 4736160.19456806)"
